id,name,identifier,age,gender,date,shift,department_id
1,Hasan Demir,ID100001,34,1,2025-05-06,Morning,1
2,Aylin Yılmaz,ID100002,29,0,2025-05-06,Night,2
3,Mert Kaya,ID100003,41,1,2025-05-06,Evening,3
4,Ece Acar,ID100004,27,0,2025-05-06,Morning,4
5,Ahmet Şahin,ID100005,38,1,2025-05-06,Night,5
6,Elif Öztürk,ID100006,32,0,2025-05-06,Evening,6
7,Can Yıldız,ID100007,45,1,2025-05-06,Morning,7
8,Zeynep Koç,ID100008,30,0,2025-05-06,Night,8
9,Burak Çetin,ID100009,36,1,2025-05-06,Evening,9
10,Mine Karaca,ID100010,26,0,2025-05-06,Morning,10
11,Tolga Arslan,ID100011,33,1,2025-05-06,Night,2
12,Buse Korkmaz,ID100012,28,0,2025-05-06,Evening,3
13,Serkan Polat,ID100013,39,1,2025-05-06,Morning,4
14,Nazlı Güven,ID100014,31,0,2025-05-06,Night,5
15,Hakan Özdemir,ID100015,35,1,2025-05-06,Evening,6
16,Derya Aksoy,ID100016,29,0,2025-05-06,Morning,7
17,Onur Güneş,ID100017,42,1,2025-05-06,Night,8
18,Selin Yıldırım,ID100018,27,0,2025-05-06,Evening,9
19,Yusuf Aydın,ID100019,37,1,2025-05-06,Morning,1
20,Melis Baş,ID100020,30,0,2025-05-06,Night,2
21,Cemal Ersoy,ID100021,44,1,2025-05-06,Evening,3
22,İrem Bal,ID100022,26,0,2025-05-06,Morning,4
23,Emre Duman,ID100023,40,1,2025-05-06,Night,5
24,Simge Tuna,ID100024,33,0,2025-05-06,Evening,10
25,Volkan Şimşek,ID100025,38,1,2025-05-06,Morning,7
26,Aslı Güzel,ID100026,29,0,2025-05-06,Night,8
27,Kerem Tekin,ID100027,35,1,2025-05-06,Evening,9
28,Fatma Sevim,ID100028,28,0,2025-05-06,Morning,1
29,Ali Rıza Uğur,ID100029,41,1,2025-05-06,Night,2
30,Nur Sena Altun,ID100030,27,0,2025-05-06,Evening,6
